"","Peptide","LOD","LOQ","slope","intercept"
"1","ADFVLAANSYDLAIK",103.066454285362,127.307500437548,1204.89674079191,-116315.948432946
"2","ADLLGIVSELQLK",2.29876523025366,17.1710524841865,690.384119936844,713.448136388508
"3","AELLQGGDLLR",9.77568151761906,12.2534009146654,5817.45544808486,37612.0902358294
"4","AHQLEEDIVSVTHK",230.938371262581,263.488461146934,3429.18129839145,-721916.889541815
"5","ALEIIDFFR",65.5471067473199,72.793143598171,3361.41539807364,-196604.466453628
"6","ALEVAEYLTPVLK",6.80510493206566,8.42648059237675,21187.2375865514,-72528.7570022373
"7","APFQASSPQDLR",7.4637417157467,10.5284038684487,16203.7377843533,-40402.0325987404
"8","DFFGLDTNSAK",24.957703921837,33.1435140777371,8002.48474626899,-129463.148662742
"9","DLADALLDTER",1.44102249082026,4.3146163432782,13475.2687698122,13800.3081634159
"10","DLELAIGGVLR",24.8334374589141,42.9909806665502,1763.05992274821,13659.9194759063
"11","DLLWLPIEQYR",14.221448659325,39.9018093671896,22425.1376435177,-311648.277473956
"12","DVAHSIIFEVK",1030.01446389606,1298.77215495702,505.101223296007,-527778.981741615
"13","DYHNYQTLFEPR",199.255453851828,234.46064890512,4414.02332565421,-826858.286885733
"14","DYWETELLQLK",41.5932486827688,56.5435844560178,7761.59632888991,-305006.953135935
"15","EAEPYYLLLPR",46.9622015269444,54.1082165308343,20860.5669539128,-947055.933475906
"16","EGGVPLAPNQPVHGTQADQER",11.285388247196,14.0199411389429,15044.0490633435,-86360.9964016493
"17","EHVPSGQFPDTEAPATSETSNSR",265.430168531142,322.130336642267,4469.30007548295,-1108676.64715884
"18","EKPPEEPTTWTGYFGK",63.3830671717269,71.860810335462,8462.42788482325,-479308.248753997
"19","ELAQGFLANQK",0.481082263555791,2.41568174874587,5336.13605153455,2839.49796408281
"20","ENDHLFLSLTEQR",58.4242160969701,64.5272262679651,12018.392040932,-677224.392725581
"21","FSPGDFWGR",129.688632250288,133.711876376847,8397.72230171329,-1079170.98207452
"22","FTSEVPIWLDYHGK",232.668144628157,256.134531436007,10159.9310395802,-2336587.00417923
"23","FVLVENGGVTR",519.164264710312,606.382956766423,4570.33863804527,-2198431.28958262
"24","FVQAVIPTIEYDYTR",36.171992454163,426.140149865793,4985.82181067056,-132914.710350926
"25","GELQQLSGSQLHGK",315.748029008832,351.311204931731,1892.02377041635,-259410.869541675
"26","GPVYIGELPQDFLR",226.60065117438,273.80153867355,16034.5408308294,-3898391.45855545
"27","GTYVPSSPTR",6.36414301800991,7.72290562095109,5683.30699726633,-9356.70595112916
"28","GYYYNGDSAGLPAR",51.6438250293097,62.9882434999819,1873.18799182868,-51991.0410185182
"29","HINWEELLAR",283.023543566856,324.266466856168,8301.24526013608,-2439188.92860513
"30","HSSWGDVGVGGSLK",13.5933190318998,40.7090620117158,4995.11431437375,61215.3568744352
"31","IAWTHITIPESLR",292.725896324802,347.959429101296,6086.28714615169,-1738647.29901776
"32","IGGVQQDTILAEGLHFR",81.3712365416005,93.5901126161772,3569.80602593737,-247617.322195589
"33","ILLDAQHESGQSSSR",51.4782174614281,73.7258548933468,8108.39694951224,-445946.105079173
"34","ILLDAQHESGR",3.30092266353883,6.07544406098434,10323.5222549215,19902.3956005687
"35","IPTCFTLYQDEITER",3665.77781054001,4304.10046010187,3043.2862860902,-11332039.00427
"36","IVQAEGEAEAAK",3.32405737887323,4.42956363960074,8112.62699782353,5003.50348253074
"37","IYDPGGSVPSGEASAAFER",38.6273925269033,44.169088084975,8125.19294789733,-317214.334025821
"38","LEASYSDSPPGEEDLLVHVAEGSK",264.433391420684,312.358934434543,8786.65069786458,-2444918.63216198
"39","LGAGPGDAGEVQAHPFFR",56.4448587602487,64.0252280165263,13767.2439648724,-630469.892191059
"40","LGINQINPVYVDAFK",519.660101294757,530.11791466384,3308.51678246829,-1714422.22462808
"41","LGYAVYETPTAHNGAK",97.4944985583037,124.56901429112,646.681663704409,26118.7135417732
"42","LLLGAGAVAYGVR",55.3528810757432,63.2337894889016,7308.06435564139,-322968.698516785
"43","LLSDISAR",0.187420384373301,0.53656293785691,13319.5353783448,2761.23509482442
"44","LNSSGSSEDSFVEIR",200.970854205392,238.269057528337,1890.815103136,3147.55502438719
"45","LPDFLQR",3.47232859110727,11.9785627605097,9413.86839470633,12895.6006934047
"46","LQAQVTLSNAQLK",16.1672970118434,22.2364395066754,3113.79434276031,-52981.4482278345
"47","LSDQSANNNNVFTK",19.6544631967039,20.5368917943435,4310.89566743407,-63036.884587945
"48","LTPVSPESSSTEEK",3.69036295422802,5.94867372665416,18651.6982054193,50709.9229632823
"49","NYDIGAALDTIQYSK",52.6961195163388,58.8502204621044,11471.7709729356,-522045.705923545
"50","QPVFGANYIK",183.508996127935,204.267771281447,667.621446660733,-28447.8657999902
"51","SEGVVPSPVSLVPEEK",11.1488352836923,11.8539684017848,17039.8342543669,-151022.398866778
"52","SFSPLQPGQAPTGR",20.4759906322849,25.5296496329535,24102.6271555394,-275575.905041043
"53","SIGEWFGPNTVAQVLK",105.3051098333,116.569878974435,5363.78629007361,-564738.444787288
"54","SLLEQETENLR",16.4796719936245,19.001331146361,12565.9352908072,-17657.201513245
"55","SSSSPTGSDWFNLAIK",281.782312368086,329.202149349032,4446.0289646358,-1337559.43606505
"56","TDAGGEDAILQTR",1.97380755615189,3.97843302773667,9316.86866305935,9979.15116666044
"57","TILDANEEFK",24.2453250506186,32.067968111384,5086.42821342441,-58745.4803279417
"58","TIQGLIDFIK",178.257534492218,195.203533171861,4994.24295223045,-861520.232412529
"59","TLSEDTIR",4.02024413521981,8.15043072381284,3561.59281995405,4839.34470691734
"60","TLVPTIPR",6.98433865981105,9.69801326235008,5850.48966252682,-6830.65755921444
"61","TPSSQNLLALLAR",43.9358447100673,53.9856969510328,20741.2210576381,-976737.727819431
"62","TSDSDQQAYLVQR",42.5003784673087,52.6148986697363,1614.67171578188,-62310.2893544422
"63","TTPPVEVLHENESGGSEIK",42.6036272902414,51.7210510343624,1169.34630419208,-28635.567377716
"64","VAELLSSGLQSAIDQIR",17.9774415576291,27.8386044932666,3268.64114425811,-30065.6509825371
"65","VEGIYTYSLSPSK",1.20455846946821,3.13378356889802,9942.60182823697,6646.03270994329
"66","VFSIPEGQK",7.87136053792767,10.3813613112376,11966.4897473994,-55489.3327604752
"67","VLAQQGEYSEAIPILR",38.4558173172489,44.3633191836335,9109.92365543891,-315597.215197809
"68","VSDGENVIISHFNSK",253.911773487926,349.434095657806,2229.83290468174,-531742.115699363
"69","VSFDLNTIQIK",18.3544642628837,20.7004395115615,3338.75296584418,-23086.2996175389
"70","VSGSQIVDIDK",32.3684849392068,37.3700040376541,5731.90672007465,-159037.567683242
"71","VSYLTLVTDK",52.6288235903158,60.240182162304,3968.26969639074,-216603.794970273
"72","WLPEPGLGLAYGTNK",32.8755733947696,42.0849331757709,16034.4344910758,-573840.441295335
"73","YVDGGISDNLPLYELK",43.752845241897,51.9911315139866,2996.3023003935,-122701.371172024
