Peptide,LOD,LOQ,Protein accession,Protein Gene
TVGVAFNQETGHWER,336.1952583,388.5336225,Q9C0C7,AMBRA1
WLPEPGLGLAYGTNK,247.3672256,301.7795584,,
TIQGLIDFIK,194.6546738,207.9532979,O94817,ATG12
ASPHDVLETIFVR,880.1057795,1001.988518,O75143,ATG13
EGGVPLAPNQPVHGTQADQER,34.22547275,40.8552326,,
SSSSPTGSDWFNLAIK,80.58474554,104.4011772,,
DLADALLDTER,8.495230934,15.50418753,Q2TAZ0,ATG2A
DLLWLPIEQYR,251.279689,297.0017275,,
FTSEVPIWLDYHGK,72.26590566,81.47689458,,
ALEVAEYLTPVLK,193.8003525,205.8502251,Q9NT62,ATG3
FVQAVIPTIEYDYTR,37.5027487,526.1384671,,
TDAGGEDAILQTR,2.710263404,4.957429542,,
LGINQINPVYVDAFK,460.6770181,474.9028592,Q8WYN0,ATG4A
LLSDISAR,11.27259889,15.28184634,,
SIGEWFGPNTVAQVLK,80.49008425,90.29879972,,
EAEPYYLLLPR,52.45090243,57.91497085,Q9H1Y0,ATG5
IPTCFTLYQDEITER,348.7836307,378.4071064,,
VSYLTLVTDK,170.2904353,185.4351755,,
DVAHSIIFEVK,208.13663,230.4797546,O95352,ATG7
GYYYNGDSAGLPAR,8.355788635,13.57243594,,
ALEIIDFFR,45.98099807,51.8005068,Q7Z3C6,ATG9A
LEASYSDSPPGEEDLLVHVAEGSK,320.686684,383.561564,,
SFSPLQPGQAPTGR,10.43273114,15.81906742,,
AELLQGGDLLR,3.987371302,6.983543264,Q12981,BNIP1
TILDANEEFK,47.20679501,58.0881986,,
ASETDTHSIGEK,102.4513228,121.9145017,Q12983,BNIP3
ILLDAQHESGR,4.597777029,15.15559716,,
DHSSQSEEEVVEGEK,24.68155282,34.38292128,O60238,BNIP3L
ILLDAQHESGQSSSR,11.97185254,12.77976458,,
DYWETELLQLK,762.2533182,781.2597228,Q13137,CALCOCO2
ENDHLFLSLTEQR,13.81986613,21.42349219,,
FFLNGVFIHDQK,301.7401401,329.8967945,Q9ULG6,CCPG1
GELQQLSGSQLHGK,277.4938263,313.946909,,
LDFGIGEYINQK,60.00055251,71.19775461,Q9H6L5,FAM134B
SLSESWEVINSKPDERPR,72.94637095,102.1992587,,
ADFVLAANSYDLAIK,293.6496422,339.5696906,Q14318,FKBP8
VLAQQGEYSEAIPILR,195.3627718,221.3707289,,
EDHPFEYR,23.07924919,45.32531631,Q9H0R8,GABARAPL1
IQLPSEK,4.586490157,8.371161077,P60520,GABARAPL2
VSGSQIVDIDK,12.92772097,17.68124412,,
GALSVAASAYK,44.99885203,55.27184664,Q14596,NBR1
IHLWNSIHGLQSPK,339.7496217,406.2640996,,
VSFDLNTIQIK,22.82156528,24.74281536,,
DLELAIGGVLR,27.97756857,47.88633493,Q13772,NCOA4
DFFGLDTNSAK,5.147883733,9.569466777,Q9UHK0,NUFIP1
DYHNYQTLFEPR,240.5936361,283.1828885,,
ADLLGIVSELQLK,2.29850525,15.45125771,Q96CV9,OPTN
LNSSGSSEDSFVEIR,206.3430756,249.4000124,,
TSDSDQQAYLVQR,121.9641913,142.9910076,,
IGGVQQDTILAEGLHFR,264.0414149,294.3695735,Q99623,PHB2
IVQAEGEAEAAK,2.025863984,3.03299092,,
LLLGAGAVAYGVR,55.38117068,62.38194591,,
VSDGENVIISHFNSK,196.8103748,267.8440651,Q96AD5,PNPLA2
YVDGGISDNLPLYELK,45.90168101,54.80147465,,
ELAQGFLANQK,0.060069314,1.132614383,Q8TDY2,RB1CC1
SLLEQETENLR,15.00666933,18.0018463,,
FSPGDFWGR,35.53509206,46.75761559,P23443,RPS6KB1
HINWEELLAR,287.4164488,337.5435024,,
LGAGPGDAGEVQAHPFFR,50.18050499,58.77432355,,
TTPPVEVLHENESGGSEIK,56.67902368,65.37741549,O95197,RTN3
VEGIYTYSLSPSK,25.60320236,30.64367186,,
EAALYPHLPPEADPR,214.808571,243.87896,Q13501,SQSTM1
LAFPSPFGHLSEGFSHSR,1227.750511,1375.788299,,
LTPVSPESSSTEEK,3.717730092,6.120383386,,
NYDIGAALDTIQYSK,203.4797632,238.8623702,,
VAALFPALR,1.802308768,5.543552163,,
EHVPSGQFPDTEAPATSETSNSR,70.30476944,90.28687982,O95210,STBD1
FVLVENGGVTR,72.21234854,88.87703731,,
HSSWGDVGVGGSLK,11.50043065,34.59041338,,
AHQLEEDIVSVTHK,75.58624956,82.5853404,Q86VP1,TAX1BP1
LSDQSANNNNVFTK,20.1085029,20.82487086,,
ANDLDVR,102.180047,150.6444406,P19484,TFEB
EQAQQEEQR,0,917.1571924,,
EYLSETYGNK,2.069796045,6.876284693,,
FAAHISPAQGSPK,57.78453653,81.36124755,,
FAAHISPAQGSPKPPPAASPGVR,94.82686844,109.6749346,,
IYDPGGSVPSGEASAAFER,33.28857051,37.10701032,Q15025,TNIP1
LQAQVTLSNAQLK,365.4027807,485.8528368,,
GPVYIGELPQDFLR,52.87810724,62.36440617,Q9H0E2,TOLLIP
IAWTHITIPESLR,79.0582625,105.7478673,,
LGYAVYETPTAHNGAK,101.9073795,125.744054,,
APFQASSPQDLR,5.785807322,8.111891448,O75385,ULK1
LPDFLQR,6.418335614,14.77126726,,
TLSEDTIR,8.841069907,15.75182006,,
TLVPTIPR,8.458152288,13.06431481,,
TPSSQNLLALLAR,150.7993801,174.4897225,,
VAELLSSGLQSAIDQIR,16.24468132,24.0928806,,
AEAGGGWEGSASYK,59.30368572,73.05632611,Q969T9,WBP2
QPVFGANYIK,249.8952606,277.6064654,,
SEGVVPSPVSLVPEEK,13.70840563,14.33470371,Q8IZQ1,WDFY3
EKPPEEPTTWTGYFGK,54.47905004,62.03091693,Q9Y4P8,WIPI2
FFSLSSVDK,5.035899675,7.4009634,,
GTYVPSSPTR,7.103623165,8.505105727,,
VFSIPEGQK,96.90605099,110.7198953,,
