Peptide,LOD,LOQ,slope,intercept,Protein accession,Protein Gene
TVGVAFNQETGHWER,336.1952583,388.5336225,813.1588969,-135724.8158,Q9C0C7,AMBRA1
WLPEPGLGLAYGTNK,247.3672256,301.7795584,19617.84523,-5244793.027,,
TIQGLIDFIK,194.6546738,207.9532979,5166.652729,-957675.082,O94817,ATG12
ASPHDVLETIFVR,880.1057795,1001.988518,2305.507598,-1771935.804,O75143,ATG13
EGGVPLAPNQPVHGTQADQER,34.22547275,40.8552326,20795.76309,-648922.6188,,
SSSSPTGSDWFNLAIK,80.58474554,104.4011772,4128.081029,-352122.5244,,
DLADALLDTER,8.495230934,15.50418753,14940.00241,38182.93115,Q2TAZ0,ATG2A
DLLWLPIEQYR,251.279689,297.0017275,32418.51636,-8557646.683,,
FTSEVPIWLDYHGK,72.26590566,81.47689458,10063.56411,-615580.3905,,
ALEVAEYLTPVLK,193.8003525,205.8502251,26971.32412,-5377705.232,Q9NT62,ATG3
FVQAVIPTIEYDYTR,37.5027487,526.1384671,4777.622756,-131741.5871,,
TDAGGEDAILQTR,2.710263404,4.957429542,9926.894281,1464.35865,,
LGINQINPVYVDAFK,460.6770181,474.9028592,2713.675159,-1283000.902,Q8WYN0,ATG4A
LLSDISAR,11.27259889,15.28184634,14586.80317,-149869.4613,,
SIGEWFGPNTVAQVLK,80.49008425,90.29879972,5208.141571,-416649.8737,,
EAEPYYLLLPR,52.45090243,57.91497085,21901.01098,-1081823.697,Q9H1Y0,ATG5
IPTCFTLYQDEITER,348.7836307,378.4071064,3827.549944,-1167525.669,,
VSYLTLVTDK,170.2904353,185.4351755,4645.85402,-788156.2447,,
DVAHSIIFEVK,208.13663,230.4797546,577.7991917,-108364.036,O95352,ATG7
GYYYNGDSAGLPAR,8.355788635,13.57243594,2236.971214,22064.60196,,
ALEIIDFFR,45.98099807,51.8005068,3166.490256,-119746.617,Q7Z3C6,ATG9A
LEASYSDSPPGEEDLLVHVAEGSK,320.686684,383.561564,8993.068623,-3145816.809,,
SFSPLQPGQAPTGR,10.43273114,15.81906742,24437.93611,150424.1098,,
AELLQGGDLLR,3.987371302,6.983543264,7975.867787,110263.8259,Q12981,BNIP1
TILDANEEFK,47.20679501,58.0881986,5761.030478,-98614.40069,,
ASETDTHSIGEK,102.4513228,121.9145017,1734.009757,-145803.6467,Q12983,BNIP3
ILLDAQHESGR,4.597777029,15.15559716,12871.91631,64790.83464,,
DHSSQSEEEVVEGEK,24.68155282,34.38292128,2477.329326,-19674.6066,O60238,BNIP3L
ILLDAQHESGQSSSR,11.97185254,12.77976458,10534.61007,-104357.7981,,
DYWETELLQLK,762.2533182,781.2597228,13633.62069,-10478746.03,Q13137,CALCOCO2
ENDHLFLSLTEQR,13.81986613,21.42349219,9633.67714,-105745.1632,,
FFLNGVFIHDQK,301.7401401,329.8967945,1464.805187,-420409.0259,Q9ULG6,CCPG1
GELQQLSGSQLHGK,277.4938263,313.946909,2057.399066,-232923.6323,,
LDFGIGEYINQK,60.00055251,71.19775461,4943.149487,-248692.9567,Q9H6L5,FAM134B
SLSESWEVINSKPDERPR,72.94637095,102.1992587,3403.138531,-1173.874069,,
ADFVLAANSYDLAIK,293.6496422,339.5696906,1714.34046,-492634.2594,Q14318,FKBP8
VLAQQGEYSEAIPILR,195.3627718,221.3707289,10530.42116,-2134139.708,,
EDHPFEYR,23.07924919,45.32531631,3883.247969,62654.8076,Q9H0R8,GABARAPL1
IQLPSEK,4.586490157,8.371161077,8793.28342,53310.717,P60520,GABARAPL2
VSGSQIVDIDK,12.92772097,17.68124412,5232.687132,-41151.15048,,
GALSVAASAYK,44.99885203,55.27184664,6959.202887,-149271.6143,Q14596,NBR1
IHLWNSIHGLQSPK,339.7496217,406.2640996,5139.846585,-818057.6019,,
VSFDLNTIQIK,22.82156528,24.74281536,4179.758509,-48031.37281,,
DLELAIGGVLR,27.97756857,47.88633493,1782.068585,7584.811768,Q13772,NCOA4
DFFGLDTNSAK,5.147883733,9.569466777,7841.882508,29891.39688,Q9UHK0,NUFIP1
DYHNYQTLFEPR,240.5936361,283.1828885,6006.276163,-1417115.404,,
ADLLGIVSELQLK,2.29850525,15.45125771,692.5103221,708.7405356,Q96CV9,OPTN
LNSSGSSEDSFVEIR,206.3430756,249.4000124,1848.835596,1651.8582,,
TSDSDQQAYLVQR,121.9641913,142.9910076,1853.636477,-225060.8713,,
IGGVQQDTILAEGLHFR,264.0414149,294.3695735,3682.262398,-972461.7879,Q99623,PHB2
IVQAEGEAEAAK,2.025863984,3.03299092,9953.470975,15296.0459,,
LLLGAGAVAYGVR,55.38117068,62.38194591,7419.820854,-326977.8505,,
VSDGENVIISHFNSK,196.8103748,267.8440651,2203.762104,-392303.7435,Q96AD5,PNPLA2
YVDGGISDNLPLYELK,45.90168101,54.80147465,2897.134287,-125950.423,,
ELAQGFLANQK,0.060069314,1.132614383,12796.57426,65824.6404,Q8TDY2,RB1CC1
SLLEQETENLR,15.00666933,18.0018463,12487.82142,2024.683713,,
FSPGDFWGR,35.53509206,46.75761559,8040.543754,-283347.2403,P23443,RPS6KB1
HINWEELLAR,287.4164488,337.5435024,8324.037026,-2557864.294,,
LGAGPGDAGEVQAHPFFR,50.18050499,58.77432355,12578.91893,-485217.0614,,
TTPPVEVLHENESGGSEIK,56.67902368,65.37741549,2218.798924,-80177.66281,O95197,RTN3
VEGIYTYSLSPSK,25.60320236,30.64367186,13788.13455,-340031.4251,,
EAALYPHLPPEADPR,214.808571,243.87896,13304.91503,-2425133.96,Q13501,SQSTM1
LAFPSPFGHLSEGFSHSR,1227.750511,1375.788299,3552.393781,-4290684.251,,
LTPVSPESSSTEEK,3.717730092,6.120383386,18010.44302,52583.49308,,
NYDIGAALDTIQYSK,203.4797632,238.8623702,12767.60484,-2661774.459,,
VAALFPALR,1.802308768,5.543552163,15761.88755,24663.72391,,
EHVPSGQFPDTEAPATSETSNSR,70.30476944,90.28687982,3911.584139,-182768.9332,O95210,STBD1
FVLVENGGVTR,72.21234854,88.87703731,4405.842616,-143831.0337,,
HSSWGDVGVGGSLK,11.50043065,34.59041338,5225.632577,69018.51431,,
AHQLEEDIVSVTHK,75.58624956,82.5853404,3336.365603,-159094.5943,Q86VP1,TAX1BP1
LSDQSANNNNVFTK,20.1085029,20.82487086,4602.355378,-70855.0208,,
ANDLDVR,102.180047,150.6444406,2638.314935,28246.5359,P19484,TFEB
EQAQQEEQR,0,917.1571924,19.32812468,117150.7467,,
EYLSETYGNK,2.069796045,6.876284693,10402.15554,77736.52681,,
FAAHISPAQGSPK,57.78453653,81.36124755,14244.60196,-696045.3293,,
FAAHISPAQGSPKPPPAASPGVR,94.82686844,109.6749346,1903.901743,-139352.0602,,
IYDPGGSVPSGEASAAFER,33.28857051,37.10701032,8062.42404,-266901.3982,Q15025,TNIP1
LQAQVTLSNAQLK,365.4027807,485.8528368,6483.51966,-2440328.848,,
GPVYIGELPQDFLR,52.87810724,62.36440617,14845.38222,-798111.4154,Q9H0E2,TOLLIP
IAWTHITIPESLR,79.0582625,105.7478673,5963.699552,-391164.9111,,
LGYAVYETPTAHNGAK,101.9073795,125.744054,644.8490909,23451.73706,,
APFQASSPQDLR,5.785807322,8.111891448,20769.0962,-39627.50782,O75385,ULK1
LPDFLQR,6.418335614,14.77126726,11913.37574,66136.59581,,
TLSEDTIR,8.841069907,15.75182006,3483.367335,10796.33906,,
TLVPTIPR,8.458152288,13.06431481,5804.935346,29312.64643,,
TPSSQNLLALLAR,150.7993801,174.4897225,24869.08655,-3919161.718,,
VAELLSSGLQSAIDQIR,16.24468132,24.0928806,4682.597639,-24962.42767,,
AEAGGGWEGSASYK,59.30368572,73.05632611,2555.841619,-125535.6111,Q969T9,WBP2
QPVFGANYIK,249.8952606,277.6064654,846.7474372,-35876.29006,,
SEGVVPSPVSLVPEEK,13.70840563,14.33470371,20629.53457,-229942.7556,Q8IZQ1,WDFY3
EKPPEEPTTWTGYFGK,54.47905004,62.03091693,8023.018968,-371646.8132,Q9Y4P8,WIPI2
FFSLSSVDK,5.035899675,7.4009634,19676.65132,265.5398509,,
GTYVPSSPTR,7.103623165,8.505105727,5754.141187,-7786.73514,,
VFSIPEGQK,96.90605099,110.7198953,12952.13257,-1255496.672,,
